NSC,MolWt,ExactMolWt,MolLogP,TPSA,NumHDonors,NumHAcceptors,NumRotatableBonds,HeavyAtomCount,RingCount,NumAromaticRings,FractionCSP3,MolMR
740.0,454.44700000000023,454.1713158039999,0.2684000000000003,210.53999999999996,5,10,9,33,3,3,0.25,118.26160000000006
750.0,246.30599999999998,246.023180168,-0.2809999999999997,86.74000000000001,0,6,7,14,0,0,1.0,50.82560000000003
752.0,167.197,167.02656616,0.5976899999999998,83.38,3,4,0,11,2,2,0.0,43.4858
755.0,152.182,152.015667128,1.0154899999999998,57.36,2,3,0,10,2,2,0.0,39.07340000000001
762.0,156.056,155.026854712,1.3958,3.24,0,1,4,8,0,0,1.0,38.93700000000001
1390.0,136.114,136.038510748,-0.35380000000000006,74.43,2,3,0,10,2,2,0.0,34.5094
3053.0,1255.4379999999994,1254.6284746719998,0.7256400000000076,359.98,5,18,8,90,7,1,0.6129032258064516,325.4772000000008
3088.0,304.217,303.07928420800005,3.377900000000002,40.54,1,2,9,19,1,1,0.5,80.66880000000005
6396.0,189.22399999999996,189.04895501399997,0.15770000000000017,9.03,0,1,3,11,3,0,1.0,49.00400000000002
8806.0,305.2049999999999,304.07453317599993,1.925,66.56,2,3,8,19,1,1,0.46153846153846156,79.41020000000003
9706.0,204.23699999999994,204.11234438399998,-0.6683999999999999,47.699999999999996,0,6,3,15,4,1,0.6666666666666666,56.46600000000002
13875.0,210.285,210.15929457599998,0.0696000000000001,48.39000000000001,0,6,3,15,1,1,0.6666666666666666,62.808000000000035
14229.0,399.9660000000002,399.20774026,5.972400000000006,37.39,1,4,9,28,3,3,0.43478260869565216,120.91770000000005
18509.0,131.131,131.058243148,-0.6210000000000004,80.39,2,3,4,9,0,0,0.6,30.931199999999993
19893.0,130.078,130.017855556,-0.7977000000000001,65.72,2,2,0,9,1,1,0.0,27.641399999999994
24559.0,1085.1560000000002,1084.4726533120001,-0.24927999999999162,358.20000000000005,11,24,15,76,8,2,0.7692307692307693,258.57529999999934
25154.0,356.058,353.95785195200006,1.2272,40.620000000000005,0,2,4,16,1,0,0.8,69.98200000000003
26271.0,261.089,260.02481971,1.884,41.57000000000001,1,2,5,14,1,0,1.0,59.19120000000004
26980.0,334.3320000000001,334.127719676,-1.6511999999999976,146.89000000000001,3,8,3,24,4,0,0.5333333333333333,80.1105
27640.0,246.19399999999996,246.065199672,-1.6835999999999995,104.54999999999998,3,5,2,17,2,1,0.5555555555555556,52.900300000000016
32065.0,76.05499999999999,76.027277368,-0.9561000000000002,75.35000000000001,3,2,0,5,0,0,0.0,14.5056
34462.0,252.10100000000003,251.022831952,0.34720000000000006,68.96000000000001,2,3,5,15,1,1,0.5,61.336400000000005
38721.0,320.04600000000005,317.95366104,5.929000000000003,0.0,0,0,3,18,2,2,0.14285714285714285,80.24100000000003
45388.0,182.18699999999998,182.09160894,0.06890000000000013,99.73,2,4,3,13,1,1,0.3333333333333333,45.308600000000006
45923.0,216.19199999999998,216.042258736,2.5478000000000005,52.58,0,4,1,16,3,3,0.08333333333333333,58.80800000000002
49842.0,810.9889999999999,810.420379436,3.9909000000000034,154.1,3,12,7,59,9,3,0.5869565217391305,220.4282999999993
63878.0,243.219,243.085520516,-2.5629999999999993,130.83,4,7,2,17,2,1,0.5555555555555556,55.918800000000026
66847.0,258.23299999999995,258.0640568,0.08779999999999993,83.55000000000001,1,4,1,19,3,1,0.23076923076923078,63.113700000000016
67574.0,824.972,824.3996439919999,3.5175000000000036,171.17,3,12,8,60,9,3,0.5652173913043478,220.56829999999934
71423.0,384.5160000000002,384.23005950399994,4.575300000000004,60.440000000000005,0,4,2,28,4,0,0.7083333333333334,106.41100000000007
77213.0,221.304,221.152812228,1.0487999999999995,53.16,3,3,5,16,1,1,0.4166666666666667,64.94360000000003
79037.0,233.69899999999996,233.093104432,2.2509000000000006,61.77,1,3,4,15,1,0,0.8888888888888888,58.62570000000003
82151.0,527.5260000000003,527.179146128,1.0288999999999997,185.83999999999997,5,11,4,38,5,2,0.4444444444444444,130.3426
85998.0,265.222,265.09099982000004,-3.048299999999999,159.76,5,8,7,18,0,0,0.75,57.04790000000003
92859.0,395.682,395.65587372,-1.9336000000000002,55.38000000000001,0,6,0,10,4,0,0.0,29.525999999999996
102816.0,244.207,244.080769484,-3.167999999999999,143.72,4,8,2,17,2,1,0.625,53.71380000000002
105014.0,285.69100000000003,285.06286692399993,-0.29740000000000044,119.31000000000002,3,7,2,19,3,2,0.5,66.36500000000001
109724.0,261.08899999999994,260.02481971,1.884,41.57,1,2,5,14,1,0,1.0,59.19120000000003
118218.0,285.235,285.08733208399997,-1.8409000000000002,139.54000000000002,4,8,2,20,3,2,0.5,62.702800000000025
122758.0,300.44200000000006,300.208930136,5.602600000000005,37.3,1,1,5,22,1,0,0.45,93.76180000000005
122819.0,656.662,656.156362084,2.7529000000000003,160.83,3,14,6,46,8,3,0.46875,155.94339999999974
123127.0,543.5250000000003,543.174060748,0.0012999999999999123,206.06999999999996,6,12,5,39,5,2,0.4444444444444444,131.75440000000003
125066.0,1415.5760000000005,1414.5184321280901,-7.703580000000028,627.07,20,31,35,96,6,4,0.6181818181818182,338.7773000000003
125973.0,853.9180000000001,853.3309553119999,3.735700000000003,221.29,4,14,10,62,7,3,0.44680851063829785,217.69009999999938
127716.0,228.20799999999997,228.085854864,-2.1388,123.49000000000001,3,7,2,16,2,1,0.625,52.32400000000002
138783.0,358.2690000000001,357.10108227200004,3.2646000000000024,58.36000000000001,1,3,9,23,2,2,0.5,94.94080000000007
141540.0,588.5620000000001,588.1842910839998,1.338599999999999,160.83,3,13,5,42,7,2,0.5517241379310345,138.34539999999996
169780.0,268.27299999999997,268.117154992,-2.708299999999996,98.82,2,6,3,19,2,0,0.6363636363636364,63.77440000000002
180973.0,371.524,371.224914548,5.9961000000000055,12.47,0,2,8,28,3,3,0.23076923076923078,119.58200000000004
218321.0,268.273,268.117154992,-1.1797999999999997,112.13,4,7,2,19,3,1,0.6363636363636364,64.96110000000003
226080.0,914.1869999999997,913.5551415880002,6.180600000000008,195.42999999999998,3,13,6,65,4,0,0.7450980392156863,245.13739999999908
241240.0,369.2340000000002,369.02884789999996,-3.5271999999999997,108.77999999999999,2,6,2,13,1,0,0.6666666666666666,34.6728
246131.0,723.65,723.2138748719999,2.462200000000001,215.21999999999997,5,13,10,51,5,2,0.5,165.16289999999972
256439.0,497.5000000000003,497.1685814439999,1.020299999999999,176.60999999999999,5,10,3,36,5,2,0.4230769230769231,123.79060000000004
256942.0,543.5250000000003,543.174060748,0.0012999999999999123,206.06999999999996,6,12,5,39,5,2,0.4444444444444444,131.75440000000003
266046.0,395.27200000000016,395.044497964,-3.1108999999999982,80.8,2,6,0,15,2,0,0.75,42.32940000000002
279836.0,444.4880000000002,444.2008846159999,-0.1392,163.18,8,10,12,32,3,2,0.36363636363636365,119.96900000000002
296961.0,214.22699999999998,214.05409996999998,-0.2492999999999997,95.58,4,4,7,12,0,0,1.0,51.04320000000003
362856.0,194.15399999999997,194.055223432,-2.078099999999999,108.17,1,5,1,14,2,2,0.16666666666666666,44.5409
369100.0,240.30999999999997,240.13749651199998,2.8227,56.730000000000004,1,3,2,18,3,3,0.2857142857142857,74.28440000000003
409962.0,214.05199999999996,213.007181888,1.157,61.77,1,3,5,12,0,0,0.8,47.33970000000001
606869.0,303.681,303.053445112,-0.34940000000000027,119.31000000000002,3,7,2,20,3,2,0.5,66.644
608210.0,929.0330000000002,928.4106026000001,2.6310000000000024,248.92999999999995,6,15,10,67,9,3,0.5306122448979592,241.3626999999994
609699.0,421.45300000000015,421.163770836,1.8468,104.89000000000001,2,7,3,31,5,3,0.34782608695652173,113.58060000000003
613327.0,263.2,263.071762272,-1.2886000000000004,110.60000000000001,3,6,2,18,2,1,0.5555555555555556,54.859000000000016
628503.0,807.89,807.346605376,3.2596000000000007,224.44999999999996,5,14,8,58,6,2,0.5581395348837209,203.6043999999994
673596.0,392.41100000000023,392.1372217399999,2.3476,101.65000000000002,2,6,2,29,5,3,0.3181818181818182,105.56760000000003
681239.0,384.24500000000006,384.19688568000004,0.36059999999999964,124.44000000000001,4,6,9,28,2,2,0.3684210526315789,105.00950000000005
686673.0,297.271,297.10731857999997,-1.9713999999999994,148.76999999999998,4,9,3,21,3,2,0.5454545454545454,69.2968
698037.0,427.41700000000026,427.14918339199994,0.6663999999999994,191.26,6,6,9,31,3,3,0.25,110.73660000000007
701852.0,264.325,264.1473925,2.4711,78.43,3,3,8,19,1,1,0.42857142857142855,72.70290000000003
702294.0,520.3900000000002,519.1344297339999,5.2990000000000075,96.3,2,4,7,33,4,1,0.6956521739130435,127.01310000000007
707389.0,729.908,729.408811708,3.438000000000005,146.39000000000001,2,12,4,52,10,0,0.875,186.26319999999942
712807.0,359.35400000000004,359.1492636439999,0.7602,122.91000000000001,3,7,6,25,2,1,0.6666666666666666,84.54830000000003
713563.0,296.4100000000001,296.177630008,4.029500000000003,34.14,0,2,0,22,4,0,0.6,86.14600000000003
715055.0,446.9100000000004,446.15209652799996,4.275600000000003,68.74000000000001,1,7,8,31,4,3,0.36363636363636365,118.15370000000003
718781.0,393.44300000000027,393.16885621599994,3.405100000000002,74.73,1,7,10,29,3,3,0.2727272727272727,111.93970000000004
719276.0,606.782,606.316607464,8.682600000000003,57.53,2,3,14,41,4,1,0.8125,152.65199999999982
719344.0,293.374,293.16404560800004,2.9287600000000014,78.28999999999999,0,4,4,22,2,2,0.4117647058823529,82.84400000000004
719345.0,285.31,285.10144535200004,2.659160000000001,78.29,0,4,3,22,3,3,0.058823529411764705,79.57700000000003
719627.0,381.3790000000001,381.075882348,3.5139200000000015,77.98,1,3,3,26,3,3,0.11764705882352941,90.11220000000003
721517.0,272.09,271.99632391999995,-1.1154000000000002,153.10999999999999,5,4,4,16,1,1,0.4,51.26500000000002
732517.0,488.01700000000034,487.15572175200003,3.3135400000000015,106.50999999999999,3,9,7,33,4,3,0.36363636363636365,132.0467
733504.0,958.2399999999996,957.5813563360003,6.1972000000000085,204.65999999999997,3,14,9,68,4,0,0.7547169811320755,255.95639999999904
737754.0,437.5290000000002,437.163393976,3.1390400000000005,119.03,2,7,5,31,4,4,0.19047619047619047,121.38090000000001
743414.0,493.61500000000024,493.2590086120001,4.590320000000004,86.28,2,7,7,37,5,4,0.2413793103448276,146.8938999999998
745750.0,581.0690000000002,580.134732212,6.139100000000004,106.35000000000001,2,8,11,40,5,5,0.1724137931034483,154.12419999999972
747599.0,529.5260000000002,529.1837929840001,6.355840000000003,97.62,2,6,6,39,5,5,0.10714285714285714,140.98089999999985
747971.0,464.83100000000013,464.086302712,5.549700000000002,92.35000000000001,3,4,5,32,3,3,0.09523809523809523,113.2386
747972.0,259.265,259.095691276,0.029799999999999882,92.5,2,4,1,19,3,1,0.3076923076923077,66.8996
747973.0,506.70900000000023,506.28144344399993,4.050520000000003,112.05000000000001,3,7,2,35,3,1,0.7407407407407407,137.92529999999996
747974.0,473.5940000000004,473.166079344,6.075200000000005,70.0,2,6,7,34,5,4,0.25,136.25109999999992
749226.0,349.51800000000003,349.24056461200007,5.398600000000005,33.120000000000005,1,2,1,26,5,1,0.625,105.30680000000005
750690.0,398.48200000000014,398.211804324,3.3349400000000013,77.23,3,3,7,29,3,2,0.36363636363636365,113.28860000000003
754143.0,540.7080000000002,540.207626872,1.4296000000000009,142.70000000000002,4,8,2,36,2,0,0.625,140.53779999999995
754230.0,477.4810000000003,477.17606683599996,0.9815999999999994,207.29999999999995,5,9,10,35,3,3,0.2608695652173913,126.04960000000005
755986.0,421.30500000000006,420.01021866800005,4.7112000000000025,76.13,1,4,4,27,3,3,0.05263157894736842,107.198
756645.0,450.34500000000014,449.118543904,5.0377000000000045,77.99000000000001,2,5,5,30,4,3,0.3333333333333333,116.47410000000004
757441.0,386.48,386.1201321960001,4.639100000000004,70.67,2,4,5,28,4,4,0.045454545454545456,113.21390000000001
760766.0,475.36200000000036,474.1066663280001,5.004200000000005,59.51,1,6,6,30,4,3,0.36363636363636365,119.18870000000003
761431.0,489.93100000000015,489.072546556,5.544200000000004,91.92,2,4,7,33,4,4,0.13043478260869565,124.03070000000001
761432.0,835.9439999999997,835.377905504,4.567800000000003,202.44999999999996,3,14,10,60,6,2,0.5777777777777777,213.18479999999929
763371.0,306.37300000000005,306.159294576,3.466380000000002,83.18,1,4,4,23,4,3,0.4117647058823529,86.33470000000004
