NSC,SMILES
740,CN(Cc1cnc2nc(N)nc(N)c2n1)c3ccc(cc3)C(=O)N[C@@H](CCC(=O)O)C(=O)O
750,CS(=O)(=O)OCCCCOS(=O)(=O)C
752,NC1=NC(=S)c2[nH]cnc2N1
755,S=C1N=CNc2nc[nH]c12
762,CN(CCCl)CCCl
1390,O=C1NC=Nc2[nH]ncc12
3053,CC(C)[C@H]1NC(=O)[C@@H](NC(=O)C2=C(N)C(=O)C(=C3Oc4c(C)ccc(C(=O)N[C@H]5[C@H](C)OC(=O)[C@H](C(C)C)N(C)C(=O)CN(C)C(=O)[C@@H]6CCCN6C(=O)[C@H](NC5=O)C(C)C)c4N=C23)C)[C@H](C)OC(=O)[C@H](C(C)C)N(C)C(=O)CN(C)C(=O)[C@@H]7CCCN7C1=O
3088,OC(=O)CCCc1ccc(cc1)N(CCCl)CCCl
6396,S=P(N1CC1)(N2CC2)N3CC3
8806,N[C@@H](Cc1ccc(cc1)N(CCCl)CCCl)C(=O)O
9706,C1CN1c2nc(nc(n2)N3CC3)N4CC4
13875,CN(C)c1nc(nc(n1)N(C)C)N(C)C
14229,CCN(CC)CCCC(C)Nc1c2ccc(Cl)cc2nc3ccc(OC)cc13
18509,NCC(=O)CCC(=O)O
19893,FC1=CNC(=O)NC1=O
24559,CO[C@@H]([C@@H]1Cc2cc3cc(OC4CC(OC5CC(O)C(O)C(C)O5)C(O)C(C)O4)c(C)c(O)c3c(O)c2C(=O)[C@H]1OC6CC(OC7CC(OC8CC(C)(O)C(O)C(C)O8)C(O)C(C)O7)C(O)C(C)O6)C(=O)[C@@H](O)[C@@H](C)O
25154,BrCCC(=O)N1CCN(CC1)C(=O)CCBr
26271,ClCCN(CCCl)P1(=O)NCCCO1
26980,CO[C@]12[C@H]3N[C@H]3CN1C4=C([C@H]2COC(=O)N)C(=O)C(=C(C)C4=O)N
27640,OCC1OC(CC1O)N2C=C(F)C(=O)NC2=O
32065,NC(=O)NO
34462,ClCCN(CCCl)C1=CNC(=O)NC1=O
38721,ClC(Cl)C(c1ccc(Cl)cc1)c2ccccc2Cl
45388,CN(C)N=Nc1[nH]cnc1C(=O)N
45923,COc1c2OC(=O)C=Cc2cc3ccoc13
49842,CC[C@]1(O)C[C@H]2CN(CCc3c([nH]c4ccccc34)[C@@](C2)(C(=O)OC)c5cc6c(cc5OC)N(C)[C@H]7[C@](O)([C@H](OC(=O)C)[C@]8(CC)C=CCN9CC[C@]67[C@H]89)C(=O)OC)C1
63878,NC1=NC(=O)N(C=C1)C2OC(CO)C(O)C2O
66847,O=C1CCC(N2C(=O)c3ccccc3C2=O)C(=O)N1
67574,CC[C@]1(O)C[C@H]2CN(CCc3c([nH]c4ccccc34)[C@@](C2)(C(=O)OC)c5cc6c(cc5OC)N(C=O)[C@H]7[C@](O)([C@H](OC(=O)C)[C@]8(CC)C=CCN9CC[C@]67[C@H]89)C(=O)OC)C1
71423,CC(=O)O[C@@]1(CC[C@H]2[C@@H]3C=C(C)C4=CC(=O)CC[C@]4(C)[C@H]3CC[C@]12C)C(=O)C
77213,CNNCc1ccc(cc1)C(=O)NC(C)C
79037,ClCCN(N=O)C(=O)NC1CCCCC1
82151,COc1cccc2C(=O)c3c(O)c4C[C@](O)(C[C@H](OC5CC(N)C(O)C(C)O5)c4c(O)c3C(=O)c12)C(=O)C
85998,CN(N=O)C(=O)N[C@@H](C=O)[C@@H](O)[C@H](O)[C@H](O)CO
92859,O1[As]2O[As]3O[As](O[As]1O3)O2
102816,NC1=NC(=O)N(C=N1)C2OC(CO)C(O)C2O
105014,Nc1nc(Cl)nc2c1ncn2C3CC(O)C(CO)O3
109724,ClCCNP1(=O)OCCCN1CCCl
118218,Nc1nc(F)nc2c1ncn2C3OC(CO)C(O)C3O
119875,[NH3][Pt]([NH3])(Cl)Cl
122758,C\C(=C/C=C/C(=C/C(=O)O)/C)\C=C\C1=C(C)CCCC1(C)C
122819,COc1cc(cc(OC)c1O)[C@H]2[C@@H]3[C@H](COC3=O)[C@H](OC4OC5CO[C@H](OC5C(O)C4O)c6cccs6)c7cc8OCOc8cc27
123127,COc1cccc2C(=O)c3c(O)c4C[C@](O)(C[C@H](OC5CC(N)C(O)C(C)O5)c4c(O)c3C(=O)c12)C(=O)CO
125066,C[C@@H](O)[C@H](NC(=O)[C@@H](C)[C@H](O)[C@@H](C)NC(=O)[C@@H](NC(=O)c1nc(nc(N)c1C)[C@H](CC(=O)N)NC[C@H](N)C(=O)N)C(OC2OC(CO)C(O)C(O)C2OC3OC(CO)C(O)C(OC(=O)N)C3O)c4c[nH]cn4)C(=O)NCCc5nc(cs5)c6nc(cs6)C(=O)NCCC[S+](C)C
125973,CC(=O)O[C@H]1C(=O)[C@]2(C)[C@@H](O)C[C@H]3OC[C@@]3(OC(=O)C)[C@H]2[C@H](OC(=O)c4ccccc4)[C@]5(O)C[C@H](OC(=O)[C@H](O)[C@@H](NC(=O)c6ccccc6)c7ccccc7)C(=C1C5(C)C)C
127716,NC1=NC(=O)N(C=N1)C2CC(O)C(CO)O2
138783,Cn1c(CCCC(=O)O)nc2cc(ccc12)N(CCCl)CCCl
141540,COc1cc(cc(OC)c1O)[C@H]2[C@@H]3[C@H](COC3=O)[C@H](OC4OC5COC(C)OC5C(O)C4O)c6cc7OCOc7cc26
169780,C[C@@H](CN1CC(=O)NC(=O)C1)N2CC(=O)NC(=O)C2
180973,CC\C(=C(/c1ccccc1)\c2ccc(OCCN(C)C)cc2)\c3ccccc3
218321,OCC1OC(CC1O)n2cnc3[C@H](O)CNC=Nc23
226080,CO[C@@H]1C[C@H](C[C@@H](C)[C@@H]2CC(=O)[C@H](C)\C=C(/C)\[C@@H](O)[C@@H](OC)C(=O)[C@H](C)C[C@H](C)\C=C\C=C\C=C(/C)\[C@H](C[C@@H]3CC[C@@H](C)[C@@](O)(O3)C(=O)C(=O)N4CCCC[C@H]4C(=O)O2)OC)CC[C@H]1O
241240,N[Pt+2]1(N)[O-]C(=O)C2(CCC2)C(=O)[O-]1
246131,CCCCC(=O)OCC(=O)[C@@]1(O)C[C@H](OC2CC(NC(=O)C(F)(F)F)C(O)C(C)O2)c3c(O)c4C(=O)c5c(OC)cccc5C(=O)c4c(O)c3C1
256439,CC1OC(CC(N)C1O)OC2CC(O)(Cc3c(O)c4C(=O)c5ccccc5C(=O)c4c(O)c23)C(=O)C
256942,COc1cccc2C(=O)c3c(O)c4C[C@](O)(C[C@H](OC5CC(N)C(O)C(C)O5)c4c(O)c3C(=O)c12)C(=O)CO
266046,O=C1C(=O)[O-][Pt+2]2(N[C@@H]3CCCC[C@H]3N2)[O-]1
279836,OCCNCCNc1ccc(NCCNCCO)c2C(=O)c3c(O)ccc(O)c3C(=O)c12
296961,NCCCNCCSP(=O)(O)O
362856,CN1N=Nc2c(ncn2C1=O)C(=O)N
369100,CC(C)Cn1cnc2c(N)nc3ccccc3c12
409962,ClCCNC(=O)N(CCCl)N=O
606869,Nc1nc(Cl)nc2c1ncn2C3OC(CO)C(O)C3F
608210,CCC1=C[C@@H]2CN(C1)Cc3c([nH]c4ccccc34)[C@@](C2)(C(=O)OC)c5cc6c(cc5OC)N(C)[C@H]7[C@](O)([C@H](OC(=O)C)[C@]8(CC)C=CCN9CC[C@]67[C@H]89)C(=O)OC.O[C@H]([C@@H](O)C(=O)O)C(=O)O
609699,CC[C@@]1(O)C(=O)OCC2=C1C=C3N(Cc4cc5c(CN(C)C)c(O)ccc5nc34)C2=O
613327,NC1=NC(=O)N(C=C1)C2OC(CO)C(O)C2(F)F
628503,CC(=O)O[C@@]12CO[C@@H]1C[C@H](O)[C@]3(C)[C@@H]2[C@H](OC(=O)c4ccccc4)[C@]5(O)C[C@H](OC(=O)[C@H](O)[C@@H](NC(=O)OC(C)(C)C)c6ccccc6)C(=C([C@@H](O)C3=O)C5(C)C)C
673596,CCc1c2CN3C(=O)C4=C(C=C3c2nc5ccc(O)cc15)[C@@](O)(CC)C(=O)OC4
681239,CC(C)C[C@H](NC(=O)[C@H](Cc1ccccc1)NC(=O)c2cnccn2)B(O)O
686673,COc1nc(N)nc2c1ncn2C3OC(CO)C(O)C3O
698037,NC1=Nc2[nH]cc(CCc3ccc(cc3)C(=O)N[C@@H](CCC(=O)O)C(=O)O)c2C(=O)N1
701852,ONC(=O)CCCCCCC(=O)Nc1ccccc1
702294,C[C@]12CC[C@H]3[C@@H](CCc4cc(OC(=O)N(CCCl)CCCl)ccc34)[C@@H]1CC[C@@H]2OP(=O)(O)O
707389,CO[C@H]1[C@@H](C[C@H](O)CN)O[C@H]2C[C@H]3OC(CC[C@@H]4O[C@@H](CC[C@@]56C[C@H]7O[C@@H]8[C@@H](O[C@H]9CC[C@H](CC(=O)C[C@H]12)O[C@@H]9[C@@H]8O5)[C@H]7O6)CC4=C)C[C@@H](C)C3=C
712807,CCCCCOC(=O)NC1=NC(=O)N(C=C1F)C2OC(C)C(O)C2O
713563,C[C@]12CC[C@H]3[C@@H](CC(=C)C4=CC(=O)C=C[C@]34C)[C@@H]1CCC2=O
715055,COc1cc2ncnc(Nc3ccc(F)c(Cl)c3)c2cc1OCCCN4CCOCC4
718781,COCCOc1cc2ncnc(Nc3cccc(c3)C#C)c2cc1OCCOC
719276,C[C@]12CC[C@H]3[C@@H]([C@H](CCCCCCCCCS(=O)CCCC(F)(F)C(F)(F)F)Cc4cc(O)ccc34)[C@@H]1CC[C@@H]2O
719344,CC(C)(C#N)c1cc(Cn2cncn2)cc(c1)C(C)(C)C#N
719345,N#Cc1ccc(cc1)C(c2ccc(cc2)C#N)n3cncn3
719627,Cc1ccc(cc1)c2cc(nn2c3ccc(cc3)S(=O)(=O)N)C(F)(F)F
721517,OC(Cn1ccnc1)(P(=O)(O)O)P(=O)(O)O
732517,Cc1nc(Nc2ncc(s2)C(=O)Nc3c(C)cccc3Cl)cc(n1)N4CCN(CCO)CC4
733504,CO[C@@H]1C[C@H](C[C@@H](C)[C@@H]2CC(=O)[C@H](C)\C=C(/C)\[C@@H](O)[C@@H](OC)C(=O)[C@H](C)C[C@H](C)\C=C\C=C\C=C(/C)\[C@H](C[C@@H]3CC[C@@H](C)[C@@](O)(O3)C(=O)C(=O)N4CCCC[C@H]4C(=O)O2)OC)CC[C@H]1OCCO
737754,CN(c1ccc2c(C)n(C)nc2c1)c3ccnc(Nc4ccc(C)c(c4)S(=O)(=O)N)n3
743414,CN1CCN(Cc2ccc(cc2)C(=O)Nc3ccc(C)c(Nc4nccc(n4)c5cccnc5)c3)CC1
745750,CS(=O)(=O)CCNCc1oc(cc1)c2ccc3ncnc(Nc4ccc(OCc5cccc(F)c5)c(Cl)c4)c3c2
747599,Cc1cn(cn1)c2cc(NC(=O)c3ccc(C)c(Nc4nccc(n4)c5cccnc5)c3)cc(c2)C(F)(F)F
747971,CNC(=O)c1cc(Oc2ccc(NC(=O)Nc3ccc(Cl)c(c3)C(F)(F)F)cc2)ccn1
747972,Nc1cccc2C(=O)N(Cc12)C3CCC(=O)NC3=O
747973,C[C@H]1CCC[C@@]2(C)O[C@H]2C[C@H](NC(=O)C[C@H](O)C(C)(C)C(=O)[C@H](C)[C@H]1O)\C(=C\c3csc(C)n3)\C
747974,Oc1ccc(cc1)c2sc3cc(O)ccc3c2C(=O)c4ccc(OCCN5CCCCC5)cc4
749226,C[C@]12CC[C@H](O)CC1=CC[C@@H]3[C@@H]2CC[C@@]4(C)[C@H]3CC=C4c5cccnc5
750690,CCN(CC)CCNC(=O)c1c(C)[nH]c(\C=C\2/C(=O)Nc3ccc(F)cc23)c1C
753082,CCCS(=O)(=O)NC1=C(C(=C(C=C1)F)C(=O)C2=CNC3=C2C=C(C=N3)C4=CC=C(C=C4)Cl)F
754143,C\C=C\1/NC(=O)[C@H]2CSSCC\C=C\[C@H](CC(=O)N[C@H](C(C)C)C(=O)N2)OC(=O)[C@@H](NC1=O)C(C)C
754230,Nc1nc(N)c2nc(CC(CC#C)c3ccc(cc3)C(=O)N[C@@H](CCC(=O)O)C(=O)O)cnc2n1
755986,CS(=O)(=O)c1ccc(C(=O)Nc2ccc(Cl)c(c2)c3ccccn3)c(Cl)c1
756645,C[C@@H](Oc1cc(cnc1N)c2cnn(c2)C3CCNCC3)c4c(Cl)ccc(F)c4Cl
757441,CNC(=O)c1ccccc1Sc2ccc3c(\C=C\c4ccccn4)n[nH]c3c2
760766,COc1cc2c(Nc3ccc(Br)cc3F)ncnc2cc1OCC4CCN(C)CC4
761431,CCCS(=O)(=O)Nc1ccc(F)c(C(=O)c2c[nH]c3ncc(cc23)c4ccc(Cl)cc4)c1F
761432,CO[C@H]1C[C@H]2OC[C@@]2(OC(=O)C)[C@H]3[C@H](OC(=O)c4ccccc4)[C@]5(O)C[C@H](OC(=O)[C@H](O)[C@@H](NC(=O)OC(C)(C)C)c6ccccc6)C(=C([C@@H](OC)C(=O)[C@]13C)C5(C)C)C
763371,N#CC[C@H](C1CCCC1)n2cc(cn2)c3ncnc4[nH]ccc34
